{
	"$schema": "http://schema.management.azure.com/schemas/2015-01-01/deploymentTemplate.json#",
	"contentVersion": "1.0.0.0",
	"parameters": {
		"factoryName": {
			"type": "string",
			"metadata": "Data Factory name"
		},
		"Projectmar24ls": {
			"type": "string"
		},
		"SqlServer3Onprem": {
			"type": "string"
		},
		"ls_adls_efnadlssyn": {
			"type": "string"
		}
	},
	"variables": {
		"factoryId": "[concat('Microsoft.DataFactory/factories/', parameters('factoryName'))]"
	},
	"resources": [
		{
			"name": "[concat(parameters('factoryName'), '/21 Incremental Load')]",
			"type": "Microsoft.DataFactory/factories/pipelines",
			"apiVersion": "2018-06-01",
			"properties": {
				"activities": [
					{
						"name": "ForEach1",
						"type": "ForEach",
						"dependsOn": [],
						"userProperties": [],
						"typeProperties": {
							"items": {
								"value": "@variables('IncmentalLoadTableNames')",
								"type": "Expression"
							},
							"activities": [
								{
									"name": "Watermark",
									"type": "Lookup",
									"dependsOn": [],
									"policy": {
										"timeout": "0.12:00:00",
										"retry": 0,
										"retryIntervalInSeconds": 30,
										"secureOutput": false,
										"secureInput": false
									},
									"userProperties": [],
									"typeProperties": {
										"source": {
											"type": "SqlServerSource",
											"sqlReaderQuery": {
												"value": "@concat('select watermarkDateTime as watermark from dbo.watermarktable where tablename=''',item().tablename,'''')",
												"type": "Expression"
											},
											"queryTimeout": "02:00:00",
											"partitionOption": "None"
										},
										"dataset": {
											"referenceName": "watermarkds",
											"type": "DatasetReference"
										}
									}
								},
								{
									"name": "Onprem Max Date",
									"type": "Lookup",
									"dependsOn": [],
									"policy": {
										"timeout": "0.12:00:00",
										"retry": 0,
										"retryIntervalInSeconds": 30,
										"secureOutput": false,
										"secureInput": false
									},
									"userProperties": [],
									"typeProperties": {
										"source": {
											"type": "SqlServerSource",
											"sqlReaderQuery": {
												"value": "@concat('select max(ModifiedDate) maxDate from dbo.',item().tablename)",
												"type": "Expression"
											},
											"queryTimeout": "02:00:00",
											"partitionOption": "None"
										},
										"dataset": {
											"referenceName": "ds_onprem",
											"type": "DatasetReference"
										},
										"firstRowOnly": false
									}
								},
								{
									"name": "Data Copy from Onprem to ADLS",
									"type": "Copy",
									"dependsOn": [
										{
											"activity": "Watermark",
											"dependencyConditions": [
												"Succeeded"
											]
										},
										{
											"activity": "Onprem Max Date",
											"dependencyConditions": [
												"Succeeded"
											]
										}
									],
									"policy": {
										"timeout": "0.12:00:00",
										"retry": 0,
										"retryIntervalInSeconds": 30,
										"secureOutput": false,
										"secureInput": false
									},
									"userProperties": [],
									"typeProperties": {
										"source": {
											"type": "SqlServerSource",
											"sqlReaderQuery": {
												"value": "@concat('select * from dbo.',item().tablename,' where ModifiedDate>''',activity('Watermark').output.firstRow.watermark,''' and ModifiedDate<=''',activity('Onprem Max Date').output.value[0].maxDate,'''')",
												"type": "Expression"
											},
											"queryTimeout": "02:00:00",
											"partitionOption": "None"
										},
										"sink": {
											"type": "DelimitedTextSink",
											"storeSettings": {
												"type": "AzureBlobFSWriteSettings"
											},
											"formatSettings": {
												"type": "DelimitedTextWriteSettings",
												"quoteAllText": true,
												"fileExtension": ".txt"
											}
										},
										"enableStaging": false,
										"translator": {
											"type": "TabularTranslator",
											"typeConversion": true,
											"typeConversionSettings": {
												"allowDataTruncation": true,
												"treatBooleanAsNumber": false
											}
										}
									},
									"inputs": [
										{
											"referenceName": "ds_onprem",
											"type": "DatasetReference"
										}
									],
									"outputs": [
										{
											"referenceName": "DelimitedText8",
											"type": "DatasetReference",
											"parameters": {
												"filename": {
													"value": "@item().filename",
													"type": "Expression"
												}
											}
										}
									]
								},
								{
									"name": "Update Watermark",
									"type": "Script",
									"dependsOn": [
										{
											"activity": "Data Copy from Onprem to ADLS",
											"dependencyConditions": [
												"Succeeded"
											]
										}
									],
									"policy": {
										"timeout": "0.12:00:00",
										"retry": 0,
										"retryIntervalInSeconds": 30,
										"secureOutput": false,
										"secureInput": false
									},
									"userProperties": [],
									"linkedServiceName": {
										"referenceName": "[parameters('Projectmar24ls')]",
										"type": "LinkedServiceReference"
									},
									"typeProperties": {
										"scripts": [
											{
												"type": "Query",
												"text": {
													"value": "@concat('update watermarktable set watermarkdatetime=''',activity('Onprem Max Date').output.value[0].maxdate,''' where tablename=''',item().tablename,'''')",
													"type": "Expression"
												}
											}
										],
										"scriptBlockExecutionTimeout": "02:00:00"
									}
								}
							]
						}
					},
					{
						"name": "ForEach1_copy1",
						"type": "ForEach",
						"dependsOn": [],
						"userProperties": [],
						"typeProperties": {
							"items": {
								"value": "@variables('FullLoadTableNames')",
								"type": "Expression"
							},
							"activities": [
								{
									"name": "Full load from OnPrem to ADLS",
									"type": "Copy",
									"dependsOn": [],
									"policy": {
										"timeout": "0.12:00:00",
										"retry": 0,
										"retryIntervalInSeconds": 30,
										"secureOutput": false,
										"secureInput": false
									},
									"userProperties": [],
									"typeProperties": {
										"source": {
											"type": "SqlServerSource",
											"queryTimeout": "02:00:00",
											"partitionOption": "None"
										},
										"sink": {
											"type": "DelimitedTextSink",
											"storeSettings": {
												"type": "AzureBlobFSWriteSettings"
											},
											"formatSettings": {
												"type": "DelimitedTextWriteSettings",
												"quoteAllText": true,
												"fileExtension": ".txt"
											}
										},
										"enableStaging": false,
										"translator": {
											"type": "TabularTranslator",
											"typeConversion": true,
											"typeConversionSettings": {
												"allowDataTruncation": true,
												"treatBooleanAsNumber": false
											}
										}
									},
									"inputs": [
										{
											"referenceName": "SqlServerTable5",
											"type": "DatasetReference",
											"parameters": {
												"schema": {
													"value": "@item().schema",
													"type": "Expression"
												},
												"tablename": {
													"value": "@item().tablename",
													"type": "Expression"
												}
											}
										}
									],
									"outputs": [
										{
											"referenceName": "DelimitedText8",
											"type": "DatasetReference",
											"parameters": {
												"filename": {
													"value": "@item().filename",
													"type": "Expression"
												}
											}
										}
									]
								}
							]
						}
					}
				],
				"variables": {
					"IncmentalLoadTableNames": {
						"type": "Array",
						"defaultValue": [
							{
								"schema": "dbo",
								"tablename": "Orders",
								"filename": "Orders"
							},
							{
								"schema": "dbo",
								"tablename": "OrderItems",
								"filename": "OrderItems"
							},
							{
								"schema": "dbo",
								"tablename": "Inventory",
								"filename": "Inventory"
							},
							{
								"schema": "dbo",
								"tablename": "Payments",
								"filename": "Payments"
							}
						]
					},
					"FullLoadTableNames": {
						"type": "Array",
						"defaultValue": [
							{
								"schema": "dbo",
								"tablename": "Customers",
								"filename": "Customers"
							},
							{
								"schema": "dbo",
								"tablename": "Products",
								"filename": "Products"
							},
							{
								"schema": "dbo",
								"tablename": "Promotions",
								"filename": "Promotions"
							},
							{
								"schema": "dbo",
								"tablename": "Reviews",
								"filename": "Reviews"
							},
							{
								"schema": "dbo",
								"tablename": "ShippingDetails",
								"filename": "ShippingDetails"
							},
							{
								"schema": "dbo",
								"tablename": "Returns",
								"filename": "Returns"
							}
						]
					}
				},
				"annotations": [],
				"lastPublishTime": "2024-03-07T16:42:10Z"
			},
			"dependsOn": [
				"[concat(variables('factoryId'), '/datasets/watermarkds')]",
				"[concat(variables('factoryId'), '/datasets/ds_onprem')]",
				"[concat(variables('factoryId'), '/datasets/DelimitedText8')]",
				"[concat(variables('factoryId'), '/datasets/SqlServerTable5')]"
			]
		},
		{
			"name": "[concat(parameters('factoryName'), '/watermarkds')]",
			"type": "Microsoft.DataFactory/factories/datasets",
			"apiVersion": "2018-06-01",
			"properties": {
				"linkedServiceName": {
					"referenceName": "[parameters('Projectmar24ls')]",
					"type": "LinkedServiceReference"
				},
				"annotations": [],
				"type": "SqlServerTable",
				"schema": [
					{
						"name": "id",
						"type": "int",
						"precision": 10
					},
					{
						"name": "tablename",
						"type": "varchar"
					},
					{
						"name": "watermarkDateTime",
						"type": "datetime",
						"precision": 23,
						"scale": 3
					}
				],
				"typeProperties": {
					"schema": "dbo",
					"table": "watermarktable"
				}
			},
			"dependsOn": []
		},
		{
			"name": "[concat(parameters('factoryName'), '/ds_onprem')]",
			"type": "Microsoft.DataFactory/factories/datasets",
			"apiVersion": "2018-06-01",
			"properties": {
				"linkedServiceName": {
					"referenceName": "[parameters('SqlServer3Onprem')]",
					"type": "LinkedServiceReference"
				},
				"annotations": [],
				"type": "SqlServerTable",
				"schema": []
			},
			"dependsOn": []
		},
		{
			"name": "[concat(parameters('factoryName'), '/DelimitedText8')]",
			"type": "Microsoft.DataFactory/factories/datasets",
			"apiVersion": "2018-06-01",
			"properties": {
				"linkedServiceName": {
					"referenceName": "[parameters('ls_adls_efnadlssyn')]",
					"type": "LinkedServiceReference"
				},
				"parameters": {
					"filename": {
						"type": "string"
					}
				},
				"annotations": [],
				"type": "DelimitedText",
				"typeProperties": {
					"location": {
						"type": "AzureBlobFSLocation",
						"fileName": {
							"value": "@concat(dataset().filename,'.csv')",
							"type": "Expression"
						},
						"folderPath": {
							"value": "@concat(substring(utcnow(),0,4),'/',substring(utcnow(),5,2),'/',substring(utcnow(),8,2))",
							"type": "Expression"
						},
						"fileSystem": "rawdata"
					},
					"columnDelimiter": ",",
					"escapeChar": "\\",
					"firstRowAsHeader": true,
					"quoteChar": "\""
				},
				"schema": []
			},
			"dependsOn": []
		},
		{
			"name": "[concat(parameters('factoryName'), '/SqlServerTable5')]",
			"type": "Microsoft.DataFactory/factories/datasets",
			"apiVersion": "2018-06-01",
			"properties": {
				"linkedServiceName": {
					"referenceName": "[parameters('SqlServer3Onprem')]",
					"type": "LinkedServiceReference"
				},
				"parameters": {
					"schema": {
						"type": "string"
					},
					"tablename": {
						"type": "string"
					}
				},
				"annotations": [],
				"type": "SqlServerTable",
				"schema": [],
				"typeProperties": {
					"schema": {
						"value": "@dataset().schema",
						"type": "Expression"
					},
					"table": {
						"value": "@dataset().tablename",
						"type": "Expression"
					}
				}
			},
			"dependsOn": []
		}
	]
}