{
	"name": "DelimitedText8",
	"properties": {
		"linkedServiceName": {
			"referenceName": "AzureDataLakeStorage1",
			"type": "LinkedServiceReference"
		},
		"parameters": {
			"filename": {
				"type": "string"
			}
		},
		"annotations": [],
		"type": "DelimitedText",
		"typeProperties": {
			"location": {
				"type": "AzureBlobFSLocation",
				"fileName": {
					"value": "@concat(dataset().filename,'.csv')",
					"type": "Expression"
				},
				"folderPath": {
					"value": "@concat(substring(utcnow(),0,4),'/',substring(utcnow(),5,2),'/',substring(utcnow(),8,2))",
					"type": "Expression"
				},
				"fileSystem": "rawdata"
			},
			"columnDelimiter": ",",
			"escapeChar": "\\",
			"firstRowAsHeader": true,
			"quoteChar": "\""
		},
		"schema": []
	}
}
