{
	"name": "DelimitedText82",
	"properties": {
		"linkedServiceName": {
			"referenceName": "ls_AzureDataLakeStorage1",
			"type": "LinkedServiceReference"
		},
		"parameters": {
			"filename": {
				"type": "string"
			}
		},
		"annotations": [],
		"type": "DelimitedText",
		"typeProperties": {
			"location": {
				"type": "AzureBlobFSLocation",
				"fileName": {
					"value": "@dataset().filename",
					"type": "Expression"
				},
				"fileSystem": "data4"
			},
			"columnDelimiter": ",",
			"escapeChar": "\\",
			"firstRowAsHeader": true,
			"quoteChar": "\""
		},
		"schema": [
			{
				"name": "id",
				"type": "String"
			},
			{
				"name": "created_time",
				"type": "String"
			},
			{
				"name": "ad_id",
				"type": "String"
			},
			{
				"name": "ad_name",
				"type": "String"
			},
			{
				"name": "adset_id",
				"type": "String"
			},
			{
				"name": "adset_name",
				"type": "String"
			},
			{
				"name": "campaign_id",
				"type": "String"
			},
			{
				"name": "campaign_name",
				"type": "String"
			},
			{
				"name": "form_id",
				"type": "String"
			},
			{
				"name": "form_name",
				"type": "String"
			},
			{
				"name": "is_organic",
				"type": "String"
			},
			{
				"name": "platform",
				"type": "String"
			},
			{
				"name": "full_name",
				"type": "String"
			},
			{
				"name": "email",
				"type": "String"
			},
			{
				"name": "phone_number",
				"type": "String"
			}
		]
	}
}