{
	"name": "Excel1",
	"properties": {
		"linkedServiceName": {
			"referenceName": "ls_AzureDataLakeStorage1",
			"type": "LinkedServiceReference"
		},
		"annotations": [],
		"type": "Excel",
		"typeProperties": {
			"sheetName": "Sheet1",
			"location": {
				"type": "AzureBlobFSLocation",
				"fileName": "TableList.xlsx",
				"fileSystem": "files"
			},
			"firstRowAsHeader": true
		},
		"schema": [
			{
				"type": "String"
			},
			{
				"type": "String"
			},
			{
				"type": "String"
			},
			{
				"type": "String"
			},
			{
				"type": "String"
			},
			{
				"type": "String"
			},
			{
				"type": "String"
			}
		]
	}
}