{
	"name": "SorceDataset",
	"properties": {
		"linkedServiceName": {
			"referenceName": "ls_AzureSqlServer",
			"type": "LinkedServiceReference"
		},
		"parameters": {
			"SchemaName": {
				"type": "string"
			},
			"TableName": {
				"type": "string"
			}
		},
		"annotations": [],
		"type": "SqlServerTable",
		"schema": [],
		"typeProperties": {
			"schema": {
				"value": "@dataset().SchemaName",
				"type": "Expression"
			},
			"table": {
				"value": "@dataset().TableName",
				"type": "Expression"
			}
		}
	}
}