{
	"name": "SqlServerTable53",
	"properties": {
		"linkedServiceName": {
			"referenceName": "ls_AzureSqlServer",
			"type": "LinkedServiceReference"
		},
		"annotations": [],
		"type": "SqlServerTable",
		"schema": [
			{
				"name": "rowno",
				"type": "int",
				"precision": 10
			},
			{
				"name": "id",
				"type": "varchar"
			},
			{
				"name": "name",
				"type": "varchar"
			},
			{
				"name": "email",
				"type": "varchar"
			},
			{
				"name": "mobile",
				"type": "varchar"
			},
			{
				"name": "regdate",
				"type": "varchar"
			},
			{
				"name": "platform",
				"type": "varchar"
			}
		],
		"typeProperties": {
			"schema": "dbo",
			"table": "list"
		}
	}
}