{
	"name": "SqlServerTable55",
	"properties": {
		"linkedServiceName": {
			"referenceName": "ls_AzureSqlServer",
			"type": "LinkedServiceReference"
		},
		"parameters": {
			"SinkSchema": {
				"type": "string"
			},
			"SinkTableName": {
				"type": "string"
			}
		},
		"annotations": [],
		"type": "SqlServerTable",
		"schema": [],
		"typeProperties": {
			"schema": {
				"value": "@dataset().SinkSchema",
				"type": "Expression"
			},
			"table": {
				"value": "@dataset().SinkTableName",
				"type": "Expression"
			}
		}
	}
}