{
	"name": "1 email reminder message",
	"properties": {
		"activities": [
			{
				"name": "Lookup1",
				"type": "Lookup",
				"dependsOn": [],
				"policy": {
					"timeout": "0.12:00:00",
					"retry": 0,
					"retryIntervalInSeconds": 30,
					"secureOutput": false,
					"secureInput": false
				},
				"userProperties": [],
				"typeProperties": {
					"source": {
						"type": "SqlServerSource",
						"sqlReaderQuery": "select *  from [dbo].[list] where  regdate >'2024-03-17'   ",
						"queryTimeout": "02:00:00",
						"partitionOption": "None"
					},
					"dataset": {
						"referenceName": "SqlServerTable52",
						"type": "DatasetReference"
					},
					"firstRowOnly": false
				}
			},
			{
				"name": "ForEach1",
				"type": "ForEach",
				"dependsOn": [
					{
						"activity": "Lookup1",
						"dependencyConditions": [
							"Succeeded"
						]
					}
				],
				"userProperties": [],
				"typeProperties": {
					"items": {
						"value": "@activity('Lookup1').output.value",
						"type": "Expression"
					},
					"isSequential": true,
					"activities": [
						{
							"name": "Web1",
							"type": "WebActivity",
							"dependsOn": [
								{
									"activity": "Wait1",
									"dependencyConditions": [
										"Succeeded"
									]
								}
							],
							"policy": {
								"timeout": "0.12:00:00",
								"retry": 0,
								"retryIntervalInSeconds": 30,
								"secureOutput": false,
								"secureInput": false
							},
							"userProperties": [],
							"typeProperties": {
								"method": "POST",
								"url": "https://prod-03.centralindia.logic.azure.com:443/workflows/2d49aac0ba814accaa18443ae51cea1e/triggers/When_a_HTTP_request_is_received/paths/invoke?api-version=2016-10-01&sp=%2Ftriggers%2FWhen_a_HTTP_request_is_received%2Frun&sv=1.0&sig=sHuSnMrQlEyaGO39mEehzR4V6059Rw7km15vInNkzLo",
								"body": {
									"value": "@concat('{\"To\":\"',item().email,'\",\n    \"Subject\":\"Gentle Reminder: Azure Data Engineering Demo Tomorrow\",\n    \"Body\":\"<body>\n    <p>Dear <b>',item().name,'</b>,</p>\n    <p>I hope this email finds you well. This is a gentle reminder about our upcoming Azure Data Engineering demo session happening tomorrow.</p>\n\n    <p>As we discussed previously, mastering Azure Data Engineering is crucial in todays data-driven world. Our live classes provide a unique opportunity to learn from industry experts and gain valuable insights into cutting-edge technologies offered by Microsoft Azure.</p>\n\n    <p>Join us tomorrow for a deep dive into Azure SQL Server, Azure Data Factory, Azure Synapse Analytics, Databricks, and much more. This session will equip you with the skills needed to architect and implement robust data solutions in the Azure ecosystem.</p>\n\n    <p><b>Demo Details:</b></p>\n    <ul>\n        <li><b>Date:</b> April 07, 2024 (Sunday)</li>\n        <li><b>Time:</b> 10:00 AM IST</li>\n    </ul>\n\n    <p>Please register in advance for this meeting:</p>\n    <p><b>Zoom Meeting Registration:</b></p>\n    <p><a href=\\\"https://us06web.zoom.us/meeting/register/tZ0uceqvqzgpHterAVcD1hXhtoNTgoi93OJL\\\">Register Now</a></p>\n\n    <p>After registering, you will receive a confirmation email containing information about joining the meeting.</p>\n\n    <p>We look forward to seeing you at the demo session and exploring the exciting world of Azure Data Engineering together!</p>\n\n    <p>Best regards,</p>\n    <p>Atchyut Kumar<br>\n        Azure Data Engineering Instructor, Edufulness<br>\n        Mob: 9392955424 </p>\n</body>\n\"\n}')\n",
									"type": "Expression"
								}
							}
						},
						{
							"name": "Wait1",
							"type": "Wait",
							"dependsOn": [],
							"userProperties": [],
							"typeProperties": {
								"waitTimeInSeconds": {
									"value": "@rand(2, 5)",
									"type": "Expression"
								}
							}
						}
					]
				}
			}
		],
		"annotations": []
	}
}