{
	"name": "21 Incremental Load",
	"properties": {
		"activities": [
			{
				"name": "ForEach1",
				"type": "ForEach",
				"dependsOn": [
					{
						"activity": "Start Log",
						"dependencyConditions": [
							"Succeeded"
						]
					}
				],
				"userProperties": [],
				"typeProperties": {
					"items": {
						"value": "@variables('IncmentalLoadTableNames')",
						"type": "Expression"
					},
					"activities": [
						{
							"name": "Watermark",
							"type": "Lookup",
							"dependsOn": [],
							"policy": {
								"timeout": "0.12:00:00",
								"retry": 0,
								"retryIntervalInSeconds": 30,
								"secureOutput": false,
								"secureInput": false
							},
							"userProperties": [],
							"typeProperties": {
								"source": {
									"type": "SqlServerSource",
									"sqlReaderQuery": {
										"value": "@concat('select watermarkDateTime as watermark from dbo.watermarktable where tablename=''',item().tablename,'''')",
										"type": "Expression"
									},
									"queryTimeout": "02:00:00",
									"partitionOption": "None"
								},
								"dataset": {
									"referenceName": "watermarkds",
									"type": "DatasetReference"
								}
							}
						},
						{
							"name": "Onprem Max Date",
							"type": "Lookup",
							"dependsOn": [],
							"policy": {
								"timeout": "0.12:00:00",
								"retry": 0,
								"retryIntervalInSeconds": 30,
								"secureOutput": false,
								"secureInput": false
							},
							"userProperties": [],
							"typeProperties": {
								"source": {
									"type": "SqlServerSource",
									"sqlReaderQuery": {
										"value": "@concat('select max(ModifiedDate) maxDate from dbo.',item().tablename)",
										"type": "Expression"
									},
									"queryTimeout": "02:00:00",
									"partitionOption": "None"
								},
								"dataset": {
									"referenceName": "ds_onprem",
									"type": "DatasetReference"
								},
								"firstRowOnly": false
							}
						},
						{
							"name": "Data Copy from Onprem to ADLS",
							"type": "Copy",
							"dependsOn": [
								{
									"activity": "Watermark",
									"dependencyConditions": [
										"Succeeded"
									]
								},
								{
									"activity": "Onprem Max Date",
									"dependencyConditions": [
										"Succeeded"
									]
								}
							],
							"policy": {
								"timeout": "0.12:00:00",
								"retry": 0,
								"retryIntervalInSeconds": 30,
								"secureOutput": false,
								"secureInput": false
							},
							"userProperties": [],
							"typeProperties": {
								"source": {
									"type": "SqlServerSource",
									"sqlReaderQuery": {
										"value": "@concat('select * from dbo.',item().tablename,' where ModifiedDate>''',activity('Watermark').output.firstRow.watermark,''' and ModifiedDate<=''',activity('Onprem Max Date').output.value[0].maxDate,'''')",
										"type": "Expression"
									},
									"queryTimeout": "02:00:00",
									"partitionOption": "None"
								},
								"sink": {
									"type": "DelimitedTextSink",
									"storeSettings": {
										"type": "AzureBlobFSWriteSettings"
									},
									"formatSettings": {
										"type": "DelimitedTextWriteSettings",
										"quoteAllText": true,
										"fileExtension": ".txt"
									}
								},
								"enableStaging": false,
								"translator": {
									"type": "TabularTranslator",
									"typeConversion": true,
									"typeConversionSettings": {
										"allowDataTruncation": true,
										"treatBooleanAsNumber": false
									}
								}
							},
							"inputs": [
								{
									"referenceName": "ds_onprem",
									"type": "DatasetReference"
								}
							],
							"outputs": [
								{
									"referenceName": "DelimitedText8",
									"type": "DatasetReference",
									"parameters": {
										"filename": {
											"value": "@item().filename",
											"type": "Expression"
										}
									}
								}
							]
						},
						{
							"name": "Update Watermark",
							"type": "Script",
							"dependsOn": [
								{
									"activity": "Data Copy from Onprem to ADLS",
									"dependencyConditions": [
										"Succeeded"
									]
								}
							],
							"policy": {
								"timeout": "0.12:00:00",
								"retry": 0,
								"retryIntervalInSeconds": 30,
								"secureOutput": false,
								"secureInput": false
							},
							"userProperties": [],
							"linkedServiceName": {
								"referenceName": "AzureSqlServer1",
								"type": "LinkedServiceReference"
							},
							"typeProperties": {
								"scripts": [
									{
										"type": "Query",
										"text": {
											"value": "@concat('update watermarktable set watermarkdatetime=''',activity('Onprem Max Date').output.value[0].maxdate,''' where tablename=''',item().tablename,'''')",
											"type": "Expression"
										}
									}
								],
								"scriptBlockExecutionTimeout": "02:00:00"
							}
						}
					]
				}
			},
			{
				"name": "ForEach1_copy1",
				"type": "ForEach",
				"dependsOn": [
					{
						"activity": "Start Log",
						"dependencyConditions": [
							"Succeeded"
						]
					}
				],
				"userProperties": [],
				"typeProperties": {
					"items": {
						"value": "@variables('FullLoadTableNames')",
						"type": "Expression"
					},
					"activities": [
						{
							"name": "Full load from OnPrem to ADLS",
							"type": "Copy",
							"dependsOn": [],
							"policy": {
								"timeout": "0.12:00:00",
								"retry": 0,
								"retryIntervalInSeconds": 30,
								"secureOutput": false,
								"secureInput": false
							},
							"userProperties": [],
							"typeProperties": {
								"source": {
									"type": "SqlServerSource",
									"queryTimeout": "02:00:00",
									"partitionOption": "None"
								},
								"sink": {
									"type": "DelimitedTextSink",
									"storeSettings": {
										"type": "AzureBlobFSWriteSettings"
									},
									"formatSettings": {
										"type": "DelimitedTextWriteSettings",
										"quoteAllText": true,
										"fileExtension": ".txt"
									}
								},
								"enableStaging": false,
								"translator": {
									"type": "TabularTranslator",
									"typeConversion": true,
									"typeConversionSettings": {
										"allowDataTruncation": true,
										"treatBooleanAsNumber": false
									}
								}
							},
							"inputs": [
								{
									"referenceName": "SqlServerTable5",
									"type": "DatasetReference",
									"parameters": {
										"schema": {
											"value": "@item().schema",
											"type": "Expression"
										},
										"tablename": {
											"value": "@item().tablename",
											"type": "Expression"
										}
									}
								}
							],
							"outputs": [
								{
									"referenceName": "DelimitedText8",
									"type": "DatasetReference",
									"parameters": {
										"filename": {
											"value": "@item().filename",
											"type": "Expression"
										}
									}
								}
							]
						}
					]
				}
			},
			{
				"name": "Incremental Records Merge",
				"type": "DatabricksNotebook",
				"dependsOn": [
					{
						"activity": "ForEach1",
						"dependencyConditions": [
							"Succeeded"
						]
					}
				],
				"policy": {
					"timeout": "0.12:00:00",
					"retry": 0,
					"retryIntervalInSeconds": 30,
					"secureOutput": false,
					"secureInput": false
				},
				"userProperties": [],
				"typeProperties": {
					"notebookPath": "/Users/yagnanandan9195@gmail.com/2 Merge Delta Records with Delta Tables"
				},
				"linkedServiceName": {
					"referenceName": "AzureDatabricks1",
					"type": "LinkedServiceReference"
				}
			},
			{
				"name": "Data Aggregation",
				"type": "DatabricksNotebook",
				"dependsOn": [
					{
						"activity": "Incremental Records Merge",
						"dependencyConditions": [
							"Succeeded"
						]
					}
				],
				"policy": {
					"timeout": "0.12:00:00",
					"retry": 0,
					"retryIntervalInSeconds": 30,
					"secureOutput": false,
					"secureInput": false
				},
				"userProperties": [],
				"typeProperties": {
					"notebookPath": "/Users/yagnanandan9195@gmail.com/Reporting Analysis"
				},
				"linkedServiceName": {
					"referenceName": "AzureDatabricks1",
					"type": "LinkedServiceReference"
				}
			},
			{
				"name": "Start Log",
				"type": "Lookup",
				"dependsOn": [],
				"policy": {
					"timeout": "0.12:00:00",
					"retry": 0,
					"retryIntervalInSeconds": 30,
					"secureOutput": false,
					"secureInput": false
				},
				"userProperties": [],
				"typeProperties": {
					"source": {
						"type": "SqlServerSource",
						"sqlReaderStoredProcedureName": "[dbo].[uspADFPipelineLogStart]",
						"storedProcedureParameters": {
							"ADFName": {
								"type": "String",
								"value": {
									"value": "@pipeline().DataFactory",
									"type": "Expression"
								}
							},
							"PipelineName": {
								"type": "String",
								"value": {
									"value": "@pipeline().Pipeline",
									"type": "Expression"
								}
							},
							"RunID": {
								"type": "String",
								"value": {
									"value": "@pipeline().RunId",
									"type": "Expression"
								}
							},
							"StartTime": {
								"type": "DateTime",
								"value": {
									"value": "@utcnow()",
									"type": "Expression"
								}
							}
						},
						"queryTimeout": "02:00:00",
						"partitionOption": "None"
					},
					"dataset": {
						"referenceName": "SqlServerTable6",
						"type": "DatasetReference"
					},
					"firstRowOnly": false
				}
			},
			{
				"name": "End Log",
				"type": "SqlServerStoredProcedure",
				"dependsOn": [
					{
						"activity": "Data Aggregation",
						"dependencyConditions": [
							"Succeeded"
						]
					},
					{
						"activity": "ForEach1_copy1",
						"dependencyConditions": [
							"Succeeded"
						]
					}
				],
				"policy": {
					"timeout": "0.12:00:00",
					"retry": 0,
					"retryIntervalInSeconds": 30,
					"secureOutput": false,
					"secureInput": false
				},
				"userProperties": [],
				"typeProperties": {
					"storedProcedureName": "[dbo].[uspADFPipelineLogEnd]",
					"storedProcedureParameters": {
						"EndTime": {
							"value": {
								"value": "@utcnow()",
								"type": "Expression"
							},
							"type": "DateTime"
						},
						"ErrorMessage": {
							"value": null,
							"type": "String"
						},
						"id": {
							"value": {
								"value": "@activity('Start Log').output.value[0].id",
								"type": "Expression"
							},
							"type": "Int32"
						}
					}
				},
				"linkedServiceName": {
					"referenceName": "AzureSqlServer1",
					"type": "LinkedServiceReference"
				}
			}
		],
		"variables": {
			"IncmentalLoadTableNames": {
				"type": "Array",
				"defaultValue": [
					{
						"schema": "dbo",
						"tablename": "Orders",
						"filename": "Orders"
					},
					{
						"schema": "dbo",
						"tablename": "OrderItems",
						"filename": "OrderItems"
					},
					{
						"schema": "dbo",
						"tablename": "Inventory",
						"filename": "Inventory"
					},
					{
						"schema": "dbo",
						"tablename": "Payments",
						"filename": "Payments"
					}
				]
			},
			"FullLoadTableNames": {
				"type": "Array",
				"defaultValue": [
					{
						"schema": "dbo",
						"tablename": "Customers",
						"filename": "Customers"
					},
					{
						"schema": "dbo",
						"tablename": "Products",
						"filename": "Products"
					},
					{
						"schema": "dbo",
						"tablename": "Promotions",
						"filename": "Promotions"
					},
					{
						"schema": "dbo",
						"tablename": "Reviews",
						"filename": "Reviews"
					},
					{
						"schema": "dbo",
						"tablename": "ShippingDetails",
						"filename": "ShippingDetails"
					},
					{
						"schema": "dbo",
						"tablename": "Returns",
						"filename": "Returns"
					}
				]
			}
		},
		"annotations": [],
		"lastPublishTime": "2024-03-07T16:42:10Z"
	}
}