{
	"name": "3 email reminder message",
	"properties": {
		"activities": [
			{
				"name": "Lookup1",
				"type": "Lookup",
				"dependsOn": [],
				"policy": {
					"timeout": "0.12:00:00",
					"retry": 0,
					"retryIntervalInSeconds": 30,
					"secureOutput": false,
					"secureInput": false
				},
				"userProperties": [],
				"typeProperties": {
					"source": {
						"type": "SqlServerSource",
						"sqlReaderQuery": "select *  from [dbo].[list] where regdate <='2023-10-01'",
						"queryTimeout": "02:00:00",
						"partitionOption": "None"
					},
					"dataset": {
						"referenceName": "SqlServerTable52",
						"type": "DatasetReference"
					},
					"firstRowOnly": false
				}
			},
			{
				"name": "ForEach1",
				"type": "ForEach",
				"dependsOn": [
					{
						"activity": "Lookup1",
						"dependencyConditions": [
							"Succeeded"
						]
					}
				],
				"userProperties": [],
				"typeProperties": {
					"items": {
						"value": "@activity('Lookup1').output.value",
						"type": "Expression"
					},
					"isSequential": true,
					"activities": [
						{
							"name": "Web1",
							"type": "WebActivity",
							"dependsOn": [
								{
									"activity": "Wait1",
									"dependencyConditions": [
										"Succeeded"
									]
								}
							],
							"policy": {
								"timeout": "0.12:00:00",
								"retry": 0,
								"retryIntervalInSeconds": 30,
								"secureOutput": false,
								"secureInput": false
							},
							"userProperties": [],
							"typeProperties": {
								"method": "POST",
								"url": "https://prod-14.centralindia.logic.azure.com:443/workflows/4231103579f7481888dfa7f3e0e7f9db/triggers/When_a_HTTP_request_is_received/paths/invoke?api-version=2016-10-01&sp=%2Ftriggers%2FWhen_a_HTTP_request_is_received%2Frun&sv=1.0&sig=C-u6ndn84TElpQq_kraem5XarcgUrVKexYfWnOwowIc",
								"body": {
									"value": "@concat('{\"To\":\"',item().email,'\",\n    \"Subject\":\"Azure Data Engineering Demo Recordings and Regular Class Link\",\n    \"Body\":\"<body>\n    <p>Dear <b>',item().name,'</b>,</p>\n    \n    <p>We hope this email finds you well. We are pleased to share the recordings of our two demo classes with you:</p>\n    <ul>\n        <li><b>🎥 Day 2 (09-04-2024):</b> https://youtu.be/FBpTAI9mqTM</li>\n        <li><b>🎥 Day 1 (08-04-2024):</b> https://youtu.be/ebhW-pbrUWk</li>\n        <li><b>🎥 Demo  (07-04-2024):</b> https://youtu.be/UL_4zgar5Kg</li>\n    </ul>\n\n    <p>Additionally, we are excited to kick off our regular classes. Here are the details:</p>\n    <ul>\n        <li><b>Date:</b> From 08-04-2024 onwards (Monday to Friday)</li>\n        <li><b>Time:</b> 8:30 PM to 9:30 PM IST</li>\n        <li><b>Duration:</b> Two months</li>\n        <li><b>Zoom Meeting Registration:</b> https://us06web.zoom.us/meeting/register/tZ0uceqvqzgpHterAVcD1hXhtoNTgoi93OJL</li>\n    </ul>\n\n    <p>We look forward to having you join our regular classes and continuing your learning journey with us!</p>\n\n    <p>Best regards,<br>\n    Atchyut Kumar<br>\n    Azure Data Engineering Instructor, Edufulness<br>\n    MOb: 9392955424</p>\n</body>\n\"\n}')",
									"type": "Expression"
								}
							}
						},
						{
							"name": "Wait1",
							"type": "Wait",
							"dependsOn": [],
							"userProperties": [],
							"typeProperties": {
								"waitTimeInSeconds": {
									"value": "@rand(2, 5)",
									"type": "Expression"
								}
							}
						}
					]
				}
			}
		],
		"variables": {
			"list": {
				"type": "Array",
				"defaultValue": [
					{
						"email": "edufulness@gmail.com",
						"name": "Atchyut"
					}
				]
			}
		},
		"annotations": []
	}
}