{
	"name": "Area Calculation",
	"properties": {
		"activities": [
			{
				"name": "Set Length",
				"type": "SetVariable",
				"dependsOn": [],
				"policy": {
					"secureOutput": false,
					"secureInput": false
				},
				"userProperties": [],
				"typeProperties": {
					"variableName": "Length",
					"value": 10
				}
			},
			{
				"name": "Set Breadth",
				"type": "SetVariable",
				"dependsOn": [],
				"policy": {
					"secureOutput": false,
					"secureInput": false
				},
				"userProperties": [],
				"typeProperties": {
					"variableName": "Breadth",
					"value": "a"
				}
			},
			{
				"name": "Calculate Area",
				"type": "SetVariable",
				"dependsOn": [
					{
						"activity": "Set Length",
						"dependencyConditions": [
							"Succeeded"
						]
					},
					{
						"activity": "Set Breadth",
						"dependencyConditions": [
							"Succeeded"
						]
					}
				],
				"policy": {
					"secureOutput": false,
					"secureInput": false
				},
				"userProperties": [],
				"typeProperties": {
					"variableName": "Area",
					"value": {
						"value": "@mul(variables('Length'),variables('Breadth'))",
						"type": "Expression"
					}
				}
			}
		],
		"variables": {
			"Length": {
				"type": "Integer"
			},
			"Breadth": {
				"type": "Integer"
			},
			"Area": {
				"type": "Integer"
			}
		},
		"annotations": []
	}
}