{
	"name": "Logs",
	"properties": {
		"activities": [
			{
				"name": "Start Log",
				"type": "Lookup",
				"dependsOn": [],
				"policy": {
					"timeout": "0.12:00:00",
					"retry": 2,
					"retryIntervalInSeconds": 30,
					"secureOutput": false,
					"secureInput": false
				},
				"userProperties": [],
				"typeProperties": {
					"source": {
						"type": "SqlServerSource",
						"sqlReaderStoredProcedureName": "[efn].[uspADFPipelineLogsStart]",
						"storedProcedureParameters": {
							"ADFName": {
								"type": "String",
								"value": {
									"value": "@pipeline().DataFactory",
									"type": "Expression"
								}
							},
							"PipelineName": {
								"type": "String",
								"value": {
									"value": "@pipeline().Pipeline",
									"type": "Expression"
								}
							},
							"RunID": {
								"type": "String",
								"value": {
									"value": "@pipeline().RunId",
									"type": "Expression"
								}
							},
							"RunStart": {
								"type": "DateTime",
								"value": {
									"value": "@utcnow()",
									"type": "Expression"
								}
							}
						},
						"queryTimeout": "02:00:00",
						"partitionOption": "None"
					},
					"dataset": {
						"referenceName": "SqlServerTable54",
						"type": "DatasetReference"
					},
					"firstRowOnly": false
				}
			},
			{
				"name": "Business Logic",
				"type": "ExecutePipeline",
				"dependsOn": [
					{
						"activity": "Start Log",
						"dependencyConditions": [
							"Succeeded"
						]
					}
				],
				"policy": {
					"secureInput": false
				},
				"userProperties": [],
				"typeProperties": {
					"pipeline": {
						"referenceName": "Area Calculation",
						"type": "PipelineReference"
					},
					"waitOnCompletion": true
				}
			},
			{
				"name": "End Log - Successful",
				"type": "SqlServerStoredProcedure",
				"dependsOn": [
					{
						"activity": "Business Logic",
						"dependencyConditions": [
							"Succeeded"
						]
					}
				],
				"policy": {
					"timeout": "0.12:00:00",
					"retry": 0,
					"retryIntervalInSeconds": 30,
					"secureOutput": false,
					"secureInput": false
				},
				"userProperties": [],
				"typeProperties": {
					"storedProcedureName": "[efn].[uspADFPipelineLogsEnd]",
					"storedProcedureParameters": {
						"ErrorMessage": {
							"value": null,
							"type": "String"
						},
						"id": {
							"value": {
								"value": "@activity('Start Log').output.value[0].id",
								"type": "Expression"
							},
							"type": "Int32"
						},
						"RunEnd": {
							"value": {
								"value": "@utcnow()",
								"type": "Expression"
							},
							"type": "DateTime"
						},
						"Status": {
							"value": {
								"value": "@variables('Status_Success')",
								"type": "Expression"
							},
							"type": "String"
						}
					}
				},
				"linkedServiceName": {
					"referenceName": "ls_AzureSqlServer",
					"type": "LinkedServiceReference"
				}
			},
			{
				"name": "End Log - Fail",
				"type": "SqlServerStoredProcedure",
				"dependsOn": [
					{
						"activity": "Business Logic",
						"dependencyConditions": [
							"Failed"
						]
					}
				],
				"policy": {
					"timeout": "0.12:00:00",
					"retry": 0,
					"retryIntervalInSeconds": 30,
					"secureOutput": false,
					"secureInput": false
				},
				"userProperties": [],
				"typeProperties": {
					"storedProcedureName": "[efn].[uspADFPipelineLogsEnd]",
					"storedProcedureParameters": {
						"ErrorMessage": {
							"value": {
								"value": "@activity('Business Logic').error.message",
								"type": "Expression"
							},
							"type": "String"
						},
						"id": {
							"value": {
								"value": "@activity('Start Log').output.value[0].id",
								"type": "Expression"
							},
							"type": "Int32"
						},
						"RunEnd": {
							"value": {
								"value": "@utcnow()",
								"type": "Expression"
							},
							"type": "DateTime"
						},
						"Status": {
							"value": {
								"value": "@variables('Status_Fail')",
								"type": "Expression"
							},
							"type": "String"
						}
					}
				},
				"linkedServiceName": {
					"referenceName": "ls_AzureSqlServer",
					"type": "LinkedServiceReference"
				}
			}
		],
		"variables": {
			"Status_Success": {
				"type": "String",
				"defaultValue": "Success"
			},
			"Status_Fail": {
				"type": "String",
				"defaultValue": "Fail"
			}
		},
		"annotations": []
	}
}