{
	"name": "OnPrems Scripts",
	"properties": {
		"activities": [
			{
				"name": "Initial Tables Creation at OnPrems",
				"type": "Script",
				"state": "Inactive",
				"onInactiveMarkAs": "Succeeded",
				"dependsOn": [],
				"policy": {
					"timeout": "0.12:00:00",
					"retry": 0,
					"retryIntervalInSeconds": 30,
					"secureOutput": false,
					"secureInput": false
				},
				"userProperties": [],
				"linkedServiceName": {
					"referenceName": "ls_OnPremSqlServer",
					"type": "LinkedServiceReference"
				},
				"typeProperties": {
					"scripts": [
						{
							"type": "Query",
							"text": "-- Customers Table\nCREATE TABLE Customers (\n    CustomerID INT PRIMARY KEY,\n    FirstName VARCHAR(50),\n    LastName VARCHAR(50),\n    Email VARCHAR(100),\n    Phone VARCHAR(20),\n    CreatedDate DATETIME DEFAULT GETDATE(),\n    ModifiedDate DATETIME DEFAULT GETDATE()\n);\n\n-- Products Table\nCREATE TABLE Products (\n    ProductID INT PRIMARY KEY,\n    ProductName VARCHAR(100),\n    Price DECIMAL(10, 2),\n    Category VARCHAR(50),\n    CreatedDate DATETIME DEFAULT GETDATE(),\n    ModifiedDate DATETIME DEFAULT GETDATE()\n);\n\n-- Orders Table\nCREATE TABLE Orders (\n    OrderID INT PRIMARY KEY,\n    CustomerID INT,\n    OrderDate DATETIME,\n    OrderStatus VARCHAR(20),\n    CreatedDate DATETIME DEFAULT GETDATE(),\n    ModifiedDate DATETIME DEFAULT GETDATE()\n);\n\n-- OrderItems Table\nCREATE TABLE OrderItems (\n    OrderItemID INT PRIMARY KEY,\n    OrderID INT,\n    ProductID INT,\n    Quantity INT,\n    TotalPrice DECIMAL(10, 2),\n    CreatedDate DATETIME DEFAULT GETDATE(),\n    ModifiedDate DATETIME DEFAULT GETDATE()\n);\n\n-- Inventory Table\nCREATE TABLE Inventory (\n    ProductID INT PRIMARY KEY,\n    StockQuantity INT,\n    CreatedDate DATETIME DEFAULT GETDATE(),\n    ModifiedDate DATETIME DEFAULT GETDATE()\n);\n\n-- Payments Table\nCREATE TABLE Payments (\n    PaymentID INT PRIMARY KEY,\n    OrderID INT,\n    PaymentAmount DECIMAL(10, 2),\n    PaymentDate DATETIME,\n    CreatedDate DATETIME DEFAULT GETDATE(),\n    ModifiedDate DATETIME DEFAULT GETDATE()\n);\n\n-- Reviews Table\nCREATE TABLE Reviews (\n    ReviewID INT PRIMARY KEY,\n    ProductID INT,\n    CustomerID INT,\n    Rating INT,\n    Comment TEXT,\n    CreatedDate DATETIME DEFAULT GETDATE(),\n    ModifiedDate DATETIME DEFAULT GETDATE()\n);\n\n-- Promotions Table\nCREATE TABLE Promotions (\n    PromotionID INT PRIMARY KEY,\n    PromotionName VARCHAR(50),\n    Discount DECIMAL(5, 2),\n    StartDate DATETIME,\n    EndDate DATETIME,\n    CreatedDate DATETIME DEFAULT GETDATE(),\n    ModifiedDate DATETIME DEFAULT GETDATE()\n);\n\n-- ShippingDetails Table\nCREATE TABLE ShippingDetails (\n    ShippingID INT PRIMARY KEY,\n    OrderID INT,\n    ShippingMethod VARCHAR(50),\n    TrackingNumber VARCHAR(20),\n    ShipDate DATETIME,\n    CreatedDate DATETIME DEFAULT GETDATE(),\n    ModifiedDate DATETIME DEFAULT GETDATE()\n);\n\n-- Returns Table\nCREATE TABLE Returns (\n    ReturnID INT PRIMARY KEY,\n    OrderID INT,\n    ProductID INT,\n    ReturnReason VARCHAR(100),\n    ReturnDate DATETIME,\n    CreatedDate DATETIME DEFAULT GETDATE(),\n    ModifiedDate DATETIME DEFAULT GETDATE()\n);"
						}
					],
					"scriptBlockExecutionTimeout": "02:00:00"
				}
			},
			{
				"name": "Initial Data Insertion in 10 tables",
				"type": "Script",
				"state": "Inactive",
				"onInactiveMarkAs": "Succeeded",
				"dependsOn": [],
				"policy": {
					"timeout": "0.12:00:00",
					"retry": 0,
					"retryIntervalInSeconds": 30,
					"secureOutput": false,
					"secureInput": false
				},
				"userProperties": [],
				"linkedServiceName": {
					"referenceName": "ls_OnPremSqlServer",
					"type": "LinkedServiceReference"
				},
				"typeProperties": {
					"scripts": [
						{
							"type": "Query",
							"text": "-- Customers Table\nINSERT INTO Customers (CustomerID, FirstName, LastName, Email, Phone)\nVALUES \n(1, 'Rahul', 'Sharma', 'rahul.sharma@example.com', '123-456-7890'),\n(2, 'Priya', 'Patel', 'priya.patel@example.com', '987-654-3210'),\n(3, 'Arun', 'Gupta', 'arun.g@example.com', '555-555-5555'),\n(4, 'Sneha', 'Singh', 'sneha.s@example.com', '444-444-4444'),\n(5, 'Anjali', 'Shah', 'anjali.sh@example.com', '777-777-7777');\n\n-- Products Table\nINSERT INTO Products (ProductID, ProductName, Price, Category)\nVALUES \n(1, 'Laptop', 1200.00, 'Electronics'),\n(2, 'Smartphone', 800.00, 'Electronics'),\n(3, 'Headphones', 100.00, 'Electronics'),\n(4, 'T-Shirt', 20.00, 'Clothing'),\n(5, 'Jeans', 50.00, 'Clothing');\n\n-- Orders Table\nINSERT INTO Orders (OrderID, CustomerID, OrderDate, OrderStatus)\nVALUES \n(1, 1, '2024-03-25 10:00:00', 'Pending'),\n(2, 2, '2024-03-24 09:30:00', 'Shipped'),\n(3, 3, '2024-03-23 11:45:00', 'Delivered'),\n(4, 4, '2024-03-22 15:20:00', 'Processing'),\n(5, 5, '2024-03-21 14:15:00', 'Cancelled');\n\n-- OrderItems Table\nINSERT INTO OrderItems (OrderItemID, OrderID, ProductID, Quantity, TotalPrice)\nVALUES \n(1, 1, 1, 2, 2400.00),\n(2, 2, 3, 1, 100.00),\n(3, 3, 2, 1, 800.00),\n(4, 4, 4, 3, 60.00),\n(5, 5, 5, 2, 100.00);\n\n-- Inventory Table\nINSERT INTO Inventory (ProductID, StockQuantity)\nVALUES \n(1, 50),\n(2, 100),\n(3, 75),\n(4, 200),\n(5, 150);\n\n-- Payments Table\nINSERT INTO Payments (PaymentID, OrderID, PaymentAmount, PaymentDate)\nVALUES \n(1, 1, 2400.00, '2024-03-25 10:05:00'),\n(2, 2, 100.00, '2024-03-24 09:35:00'),\n(3, 3, 800.00, '2024-03-23 11:50:00'),\n(4, 4, 60.00, '2024-03-22 15:25:00'),\n(5, 5, 100.00, '2024-03-21 14:20:00');\n\n-- Reviews Table\nINSERT INTO Reviews (ReviewID, ProductID, CustomerID, Rating, Comment)\nVALUES \n(1, 1, 2, 4, 'Great laptop, fast delivery.'),\n(2, 2, 1, 5, 'Excellent smartphone, highly recommend!'),\n(3, 3, 3, 3, 'Decent headphones, could be better.'),\n(4, 4, 4, 4, 'Good quality t-shirt, fits well.'),\n(5, 5, 5, 5, 'Love these jeans, perfect fit and comfortable.');\n\n-- Promotions Table\nINSERT INTO Promotions (PromotionID, PromotionName, Discount, StartDate, EndDate)\nVALUES \n(1, 'New Year Sale', 10.00, '2024-01-01', '2024-01-07'),\n(2, 'Summer Clearance', 20.00, '2024-06-01', '2024-06-30'),\n(3, 'Diwali Special', 15.00, '2024-10-15', '2024-10-30'),\n(4, 'Black Friday', 25.00, '2024-11-25', '2024-11-26'),\n(5, 'Christmas Sale', 30.00, '2024-12-20', '2024-12-25');\n\n-- ShippingDetails Table\nINSERT INTO ShippingDetails (ShippingID, OrderID, ShippingMethod, TrackingNumber, ShipDate)\nVALUES \n(1, 1, 'Express', 'TRK123456789', '2024-03-25 10:10:00'),\n(2, 2, 'Standard', 'TRK987654321', '2024-03-24 09:40:00'),\n(3, 3, 'Express', 'TRK555555555', '2024-03-23 11:55:00'),\n(4, 4, 'Standard', 'TRK444444444', '2024-03-22 15:30:00'),\n(5, 5, 'Express', 'TRK777777777', '2024-03-21 14:25:00');\n\n-- Returns Table\nINSERT INTO Returns (ReturnID, OrderID, ProductID, ReturnReason, ReturnDate)\nVALUES \n(1, 2, 2, 'Defective product', '2024-03-26 11:00:00'),\n(2, 3, 3, 'Wrong item received', '2024-03-25 12:30:00'),\n(3, 4, 4, 'Size too small', '2024-03-24 13:45:00'),\n(4, 5, 5, 'Changed mind', '2024-03-23 14:20:00'),\n(5, 1, 1, 'Not as described', '2024-03-22 15:00:00');"
						}
					],
					"scriptBlockExecutionTimeout": "02:00:00"
				}
			},
			{
				"name": "2nd time data insertion",
				"type": "Script",
				"dependsOn": [],
				"policy": {
					"timeout": "0.12:00:00",
					"retry": 0,
					"retryIntervalInSeconds": 30,
					"secureOutput": false,
					"secureInput": false
				},
				"userProperties": [],
				"linkedServiceName": {
					"referenceName": "ls_OnPremSqlServer",
					"type": "LinkedServiceReference"
				},
				"typeProperties": {
					"scripts": [
						{
							"type": "Query",
							"text": "-- Customers Table\nINSERT INTO Customers (CustomerID, FirstName, LastName, Email, Phone)\nVALUES \n(6, 'Amit', 'Verma', 'amit.verma@example.com', '111-222-3333'),\n(7, 'Pooja', 'Rao', 'pooja.rao@example.com', '999-888-7777'),\n(8, 'Suresh', 'Menon', 'suresh.m@example.com', '666-555-4444'),\n(9, 'Neha', 'Iyer', 'neha.i@example.com', '333-222-1111'),\n(10, 'Rajesh', 'Kumar', 'rajesh.k@example.com', '777-888-9999');\n\n-- Products Table\nINSERT INTO Products (ProductID, ProductName, Price, Category)\nVALUES \n(6, 'Tablet', 500.00, 'Electronics'),\n(7, 'Camera', 700.00, 'Electronics'),\n(8, 'Watch', 150.00, 'Electronics'),\n(9, 'Dress Shirt', 30.00, 'Clothing'),\n(10, 'Skirt', 40.00, 'Clothing');\n\n-- Orders Table\nINSERT INTO Orders (OrderID, CustomerID, OrderDate, OrderStatus)\nVALUES \n(6, 6, '2024-03-20 08:00:00', 'Delivered'),\n(7, 7, '2024-03-19 09:30:00', 'Shipped'),\n(8, 8, '2024-03-18 11:45:00', 'Pending'),\n(9, 9, '2024-03-17 14:20:00', 'Cancelled'),\n(10, 10, '2024-03-16 16:15:00', 'Processing');\n\n-- OrderItems Table\nINSERT INTO OrderItems (OrderItemID, OrderID, ProductID, Quantity, TotalPrice)\nVALUES \n(6, 6, 6, 1, 500.00),\n(7, 7, 7, 1, 700.00),\n(8, 8, 8, 2, 300.00),\n(9, 9, 9, 3, 90.00),\n(10, 10, 10, 1, 40.00);\n\n-- Inventory Table\nINSERT INTO Inventory (ProductID, StockQuantity)\nVALUES \n(6, 80),\n(7, 100),\n(8, 150),\n(9, 250),\n(10, 200);\n\n-- Payments Table\nINSERT INTO Payments (PaymentID, OrderID, PaymentAmount, PaymentDate)\nVALUES \n(6, 6, 500.00, '2024-03-20 08:05:00'),\n(7, 7, 700.00, '2024-03-19 09:35:00'),\n(8, 8, 150.00, '2024-03-18 11:50:00'),\n(9, 9, 90.00, '2024-03-17 14:25:00'),\n(10, 10, 40.00, '2024-03-16 16:20:00');\n\n-- Reviews Table\nINSERT INTO Reviews (ReviewID, ProductID, CustomerID, Rating, Comment)\nVALUES \n(6, 6, 1, 4, 'Good tablet, fast shipping.'),\n(7, 7, 2, 5, 'Excellent camera, great features!'),\n(8, 8, 3, 3, 'Average watch, could be better.'),\n(9, 9, 4, 4, 'Nice dress shirt, good quality fabric.'),\n(10, 10, 5, 5, 'Love this skirt, perfect fit and style.');\n\n-- Promotions Table\nINSERT INTO Promotions (PromotionID, PromotionName, Discount, StartDate, EndDate)\nVALUES \n(6, 'Spring Sale', 15.00, '2024-03-01', '2024-03-15'),\n(7, 'Eid Special', 20.00, '2024-04-15', '2024-04-30'),\n(8, 'Summer Sale', 25.00, '2024-05-01', '2024-05-31'),\n(9, 'Back to School', 10.00, '2024-08-01', '2024-08-15'),\n(10, 'Halloween Deals', 30.00, '2024-10-01', '2024-10-31');\n\n-- ShippingDetails Table\nINSERT INTO ShippingDetails (ShippingID, OrderID, ShippingMethod, TrackingNumber, ShipDate)\nVALUES \n(6, 6, 'Express', 'TRK111222333', '2024-03-20 08:10:00'),\n(7, 7, 'Standard', 'TRK999888777', '2024-03-19 09:40:00'),\n(8, 8, 'Express', 'TRK666555444', '2024-03-18 11:55:00'),\n(9, 9, 'Standard', 'TRK333222111', '2024-03-17 14:30:00'),\n(10, 10, 'Express', 'TRK777888999', '2024-03-16 16:25:00');\n\n-- Returns Table\nINSERT INTO Returns (ReturnID, OrderID, ProductID, ReturnReason, ReturnDate)\nVALUES \n(6, 7, 7, 'Defective product', '2024-03-21 11:00:00'),\n(7, 8, 8, 'Wrong item received', '2024-03-20 12:30:00'),\n(8, 9, 9, 'Size too big', '2024-03-19 13:45:00'),\n(9, 10, 10, 'Changed mind', '2024-03-18 14:20:00'),\n(10, 6, 6, 'Not as described', '2024-03-17 15:00:00');"
						}
					],
					"scriptBlockExecutionTimeout": "02:00:00"
				}
			},
			{
				"name": "3rd time data insert",
				"type": "Script",
				"state": "Inactive",
				"onInactiveMarkAs": "Succeeded",
				"dependsOn": [],
				"policy": {
					"timeout": "0.12:00:00",
					"retry": 0,
					"retryIntervalInSeconds": 30,
					"secureOutput": false,
					"secureInput": false
				},
				"userProperties": [],
				"linkedServiceName": {
					"referenceName": "ls_OnPremSqlServer",
					"type": "LinkedServiceReference"
				},
				"typeProperties": {
					"scripts": [
						{
							"type": "Query",
							"text": "-- Customers Table\nINSERT INTO Customers (CustomerID, FirstName, LastName, Email, Phone)\nVALUES \n(11, 'Sunita', 'Chopra', 'sunita.c@example.com', '111-222-3333'),\n(12, 'Alok', 'Shah', 'alok.sh@example.com', '222-333-4444'),\n(13, 'Deepak', 'Mishra', 'deepak.m@example.com', '333-444-5555'),\n(14, 'Kavita', 'Nair', 'kavita.n@example.com', '444-555-6666'),\n(15, 'Vivek', 'Gupta', 'vivek.g@example.com', '555-666-7777');\n\n-- Products Table\nINSERT INTO Products (ProductID, ProductName, Price, Category)\nVALUES \n(11, 'Smart Watch', 200.00, 'Electronics'),\n(12, 'Wireless Earbuds', 80.00, 'Electronics'),\n(13, 'Sunglasses', 50.00, 'Accessories'),\n(14, 'Sweater', 35.00, 'Clothing'),\n(15, 'Dress', 60.00, 'Clothing');\n\n-- Orders Table\nINSERT INTO Orders (OrderID, CustomerID, OrderDate, OrderStatus)\nVALUES \n(11, 11, '2024-03-10 08:00:00', 'Delivered'),\n(12, 12, '2024-03-09 09:30:00', 'Shipped'),\n(13, 13, '2024-03-08 11:45:00', 'Pending'),\n(14, 14, '2024-03-07 14:20:00', 'Cancelled'),\n(15, 15, '2024-03-06 16:15:00', 'Processing');\n\n-- OrderItems Table\nINSERT INTO OrderItems (OrderItemID, OrderID, ProductID, Quantity, TotalPrice)\nVALUES \n(11, 11, 11, 1, 200.00),\n(12, 12, 12, 1, 80.00),\n(13, 13, 13, 2, 100.00),\n(14, 14, 14, 3, 105.00),\n(15, 15, 15, 1, 60.00);\n\n-- Inventory Table\nINSERT INTO Inventory (ProductID, StockQuantity)\nVALUES \n(11, 150),\n(12, 200),\n(13, 100),\n(14, 300),\n(15, 150);\n\n-- Payments Table\nINSERT INTO Payments (PaymentID, OrderID, PaymentAmount, PaymentDate)\nVALUES \n(11, 11, 200.00, '2024-03-10 08:05:00'),\n(12, 12, 80.00, '2024-03-09 09:35:00'),\n(13, 13, 100.00, '2024-03-08 11:50:00'),\n(14, 14, 105.00, '2024-03-07 14:25:00'),\n(15, 15, 60.00, '2024-03-06 16:20:00');\n\n-- Reviews Table\nINSERT INTO Reviews (ReviewID, ProductID, CustomerID, Rating, Comment)\nVALUES \n(11, 11, 11, 4, 'Nice smartwatch, good features.'),\n(12, 12, 12, 5, 'Excellent earbuds, great sound quality!'),\n(13, 13, 13, 3, 'Average sunglasses, could be sturdier.'),\n(14, 14, 14, 4, 'Comfortable sweater, good fit.'),\n(15, 15, 15, 5, 'Love this dress, elegant and stylish.');\n\n-- Promotions Table\nINSERT INTO Promotions (PromotionID, PromotionName, Discount, StartDate, EndDate)\nVALUES \n(11, 'Valentine\\'s Day Sale', 20.00, '2024-02-01', '2024-02-14'),\n(12, 'Mother\\'s Day Special', 25.00, '2024-05-01', '2024-05-10'),\n(13, 'Father\\'s Day Deals', 15.00, '2024-06-01', '2024-06-21'),\n(14, 'Independence Day Sale', 30.00, '2024-08-01', '2024-08-15'),\n(15, 'Labor Day Clearance', 40.00, '2024-09-01', '2024-09-07');\n\n-- ShippingDetails Table\nINSERT INTO ShippingDetails (ShippingID, OrderID, ShippingMethod, TrackingNumber, ShipDate)\nVALUES \n(11, 11, 'Express', 'TRK111222333', '2024-03-10 08:10:00'),\n(12, 12, 'Standard', 'TRK222333444', '2024-03-09 09:40:00'),\n(13, 13, 'Express', 'TRK333444555', '2024-03-08 11:55:00'),\n(14, 14, 'Standard', 'TRK444555666', '2024-03-07 14:30:00'),\n(15, 15, 'Express', 'TRK555666777', '2024-03-06 16:25:00');\n\n-- Returns Table\nINSERT INTO Returns (ReturnID, OrderID, ProductID, ReturnReason, ReturnDate)\nVALUES \n(11, 12, 12, 'Defective product', '2024-03-11 11:00:00'),\n(12, 13, 13, 'Wrong item received', '2024-03-10 12:30:00'),\n(13, 14, 14, 'Size too small', '2024-03-09 13:45:00'),\n(14, 15, 15, 'Changed mind', '2024-03-08 14:20:00'),\n(15, 11, 11, 'Not as described', '2024-03-07 15:00:00');"
						}
					],
					"scriptBlockExecutionTimeout": "02:00:00"
				}
			}
		],
		"annotations": []
	}
}