{
	"name": "pipeline2",
	"properties": {
		"activities": [
			{
				"name": "Set variable1",
				"type": "SetVariable",
				"dependsOn": [],
				"policy": {
					"secureOutput": false,
					"secureInput": false
				},
				"userProperties": [],
				"typeProperties": {
					"variableName": "DynPath",
					"value": {
						"value": "@concat(substring(utcnow(),0,4),'/',substring(utcnow(),5,2),'/',substring(utcnow(),8,2))",
						"type": "Expression"
					}
				}
			}
		],
		"variables": {
			"DynPath": {
				"type": "String"
			}
		},
		"annotations": []
	}
}