{
	"name": "pipeline1_copy1",
	"properties": {
		"activities": [
			{
				"name": "Copy data1_copy1_copy1",
				"type": "Copy",
				"dependsOn": [],
				"policy": {
					"timeout": "0.12:00:00",
					"retry": 0,
					"retryIntervalInSeconds": 30,
					"secureOutput": false,
					"secureInput": false
				},
				"userProperties": [],
				"typeProperties": {
					"source": {
						"type": "DelimitedTextSource",
						"storeSettings": {
							"type": "AzureBlobFSReadSettings",
							"recursive": true,
							"enablePartitionDiscovery": false
						},
						"formatSettings": {
							"type": "DelimitedTextReadSettings"
						}
					},
					"sink": {
						"type": "SqlServerSink",
						"writeBehavior": "upsert",
						"upsertSettings": {
							"useTempDB": true,
							"keys": [
								"id"
							]
						},
						"sqlWriterUseTableLock": false
					},
					"enableStaging": false,
					"translator": {
						"type": "TabularTranslator",
						"mappings": [
							{
								"source": {
									"name": "id",
									"type": "String",
									"physicalType": "String"
								},
								"sink": {
									"name": "id",
									"type": "String",
									"physicalType": "varchar"
								}
							},
							{
								"source": {
									"name": "full_name",
									"type": "String",
									"physicalType": "String"
								},
								"sink": {
									"name": "name",
									"type": "String",
									"physicalType": "varchar"
								}
							},
							{
								"source": {
									"name": "email",
									"type": "String",
									"physicalType": "String"
								},
								"sink": {
									"name": "email",
									"type": "String",
									"physicalType": "varchar"
								}
							},
							{
								"source": {
									"name": "phone_number",
									"type": "String",
									"physicalType": "String"
								},
								"sink": {
									"name": "mobile",
									"type": "String",
									"physicalType": "varchar"
								}
							},
							{
								"source": {
									"name": "created_time",
									"type": "String",
									"physicalType": "String"
								},
								"sink": {
									"name": "regdate",
									"type": "String",
									"physicalType": "varchar"
								}
							},
							{
								"source": {
									"name": "platform",
									"type": "String",
									"physicalType": "String"
								},
								"sink": {
									"name": "platform",
									"type": "String",
									"physicalType": "varchar"
								}
							}
						],
						"typeConversion": true,
						"typeConversionSettings": {
							"allowDataTruncation": true,
							"treatBooleanAsNumber": false
						}
					}
				},
				"inputs": [
					{
						"referenceName": "DelimitedText83",
						"type": "DatasetReference"
					}
				],
				"outputs": [
					{
						"referenceName": "SqlServerTable53",
						"type": "DatasetReference"
					}
				]
			}
		],
		"annotations": []
	}
}