{
	"name": "pipeline4",
	"properties": {
		"activities": [
			{
				"name": "Lookup1",
				"type": "Lookup",
				"dependsOn": [],
				"policy": {
					"timeout": "0.12:00:00",
					"retry": 0,
					"retryIntervalInSeconds": 30,
					"secureOutput": false,
					"secureInput": false
				},
				"userProperties": [],
				"typeProperties": {
					"source": {
						"type": "SqlServerSource",
						"sqlReaderQuery": "select * from [dbo].[list] where rowno >3162",
						"queryTimeout": "02:00:00",
						"partitionOption": "None"
					},
					"dataset": {
						"referenceName": "SqlServerTable52",
						"type": "DatasetReference"
					},
					"firstRowOnly": false
				}
			},
			{
				"name": "ForEach1",
				"type": "ForEach",
				"dependsOn": [
					{
						"activity": "Lookup1",
						"dependencyConditions": [
							"Succeeded"
						]
					}
				],
				"userProperties": [],
				"typeProperties": {
					"items": {
						"value": "@activity('Lookup1').output.value",
						"type": "Expression"
					},
					"isSequential": true,
					"activities": [
						{
							"name": "Web1",
							"type": "WebActivity",
							"dependsOn": [
								{
									"activity": "Wait1",
									"dependencyConditions": [
										"Succeeded"
									]
								}
							],
							"policy": {
								"timeout": "0.12:00:00",
								"retry": 0,
								"retryIntervalInSeconds": 30,
								"secureOutput": false,
								"secureInput": false
							},
							"userProperties": [],
							"typeProperties": {
								"method": "POST",
								"url": "https://prod-03.centralindia.logic.azure.com:443/workflows/2d49aac0ba814accaa18443ae51cea1e/triggers/When_a_HTTP_request_is_received/paths/invoke?api-version=2016-10-01&sp=%2Ftriggers%2FWhen_a_HTTP_request_is_received%2Frun&sv=1.0&sig=sHuSnMrQlEyaGO39mEehzR4V6059Rw7km15vInNkzLo",
								"body": {
									"value": "@concat('{\"To\":\"',item().email,'\",\n\t\"Subject\":\"Invitation to Azure Data Engineering Skills with Edufulness - Demo\",\n\t\"Body\":\"<body>\n    <p>Dear <b>',item().name,'</b>,</p>\n    <p>I hope this email finds you well. My name is Atchyut Kumar, and I am thrilled to introduce you to the exciting world\n        of <b>Azure Data Engineering</b> through our comprehensive training program at <b>Edufulness!</b></p>\n\n    <p>In todays data-driven world, mastering the art of managing and processing data on the cloud is essential for\n        success in the tech industry. Our live classes on Azure Data Engineering provide a unique opportunity to learn\n        from industry experts and gain valuable insights into the cutting-edge technologies offered by Microsoft Azure.</p>\n\n    <p>At <b>Edufulness</b>, we understand the significance of hands-on experience and real-world applications. Our training\n        program covers a wide array of essential tools and services, including \n        <ul><b>\n            <li>Azure SQL Server,</li> \n            <li>Azure Data Factory,</li>\n            <li>Azure Synapse Analytics,</li> \n            <li>Azure Databricks,</li>\n            <li>PySpark, DBFS, DeltaLake,</li> \n            <li>Logic App,</li>\n            <li>Key Vault,</li> \n            <li>Blob Storage and</li> \n            <li>Azure Data Lake</li><b>\n        </ul> You will dive deep into each\n        of these technologies, acquiring the skills and expertise required to architect and implement robust data\n        solutions in the Azure ecosystem.</p>\n \n    <p>Our instructors are seasoned Azure experts who are passionate about sharing their knowledge and helping learners\n        like you succeed. They will guide you through the learning journey, offering personalized assistance and\n        feedback, ensuring you have a comprehensive understanding of the topics covered.</p>\n\n<b>\n    <p>Demo Details:</p>\n    <ul>\n        <li>Date: April 07, 2024 Sunday</li>\n        <li>Time: 10:00 AM IST</li>\n    </ul>\n</b>\n    <p>Register in advance for this meeting:</p>\n <b>   Zoom Meeting\n        Registration: </b>\n    https://us06web.zoom.us/meeting/register/tZ0uceqvqzgpHterAVcD1hXhtoNTgoi93OJL\n\n    <p>After registering, you will receive a confirmation email containing information about joining the meeting.</p><br>\n    <p><b>Here are some key highlights of our Azure Data Engineering training:</b></p>\n\n    <ul>\n        <li>In-depth exploration of Azure SQL Server, Azure Data Factory, Azure Synapse Analytics, Databricks, Logic App,\n            Blob Storage, and Azure Data Lake.</li>\n        <li>Over 30+ real-time scenarios to enhance problem-solving abilities.</li>\n        <li>Hands-on experience through 2 major industry projects.</li>\n        <li>Industry-best instructors providing personalized attention.</li>\n        <li>Flexible live classes to suit your busy schedule.</li>\n        <li>Post-training support and resources to reinforce your learning.</li>\n    </ul>\n\n    <p>Are you ready to take your career to new heights and become a sought-after Azure Data Engineer? If yes, I invite\n        you to join our upcoming live classes at Edufulness. The first step towards an exciting and rewarding future\n        awaits you!</p>\n <p>Join our comprehensive Azure Data Engineering training and experience the power of hands-on learning with 30+\n        real-time scenarios and industry projects. To get a taste of what awaits you, we invite you to an exclusive Zoom\n        demo session:</p>\n\n    <p>Thank you for considering Edufulness as your learning partner. We look forward to having you on board and\n        empowering you with the skills to conquer the world of Azure Data Engineering!</p>\n<b>\n    <p>Best regards,</p>\n    <p>Atchyut Kumar<br>\n        Azure Data Engineering Instructor, Edufulness<br>\n        Mob: 9392955424 </p>\n</b>        \n</body>\n\"\n}')",
									"type": "Expression"
								}
							}
						},
						{
							"name": "Wait1",
							"type": "Wait",
							"dependsOn": [],
							"userProperties": [],
							"typeProperties": {
								"waitTimeInSeconds": {
									"value": "@rand(2, 5)",
									"type": "Expression"
								}
							}
						}
					]
				}
			}
		],
		"annotations": []
	}
}