{
	"name": "RS datamigration for set of tables Sol2",
	"properties": {
		"activities": [
			{
				"name": "Migrating the Tables data",
				"type": "ForEach",
				"dependsOn": [],
				"userProperties": [],
				"typeProperties": {
					"items": {
						"value": "@variables('TableLIst')",
						"type": "Expression"
					},
					"activities": [
						{
							"name": "Copy data from OnPrems to Cloud",
							"type": "Copy",
							"dependsOn": [],
							"policy": {
								"timeout": "0.12:00:00",
								"retry": 0,
								"retryIntervalInSeconds": 30,
								"secureOutput": false,
								"secureInput": false
							},
							"userProperties": [],
							"typeProperties": {
								"source": {
									"type": "SqlServerSource",
									"sqlReaderQuery": {
										"value": "@concat('select ',item().SourceColumns,' from ',item().SourceSchema,'.',item().SourceTableName)",
										"type": "Expression"
									},
									"queryTimeout": "02:00:00",
									"partitionOption": "None"
								},
								"sink": {
									"type": "SqlServerSink",
									"preCopyScript": {
										"value": "@{concat('truncate table ',item().SinkSchema,'.',item().SinkTableName)}",
										"type": "Expression"
									},
									"writeBehavior": "insert",
									"sqlWriterUseTableLock": false,
									"tableOption": "autoCreate"
								},
								"enableStaging": false,
								"translator": {
									"type": "TabularTranslator",
									"typeConversion": true,
									"typeConversionSettings": {
										"allowDataTruncation": true,
										"treatBooleanAsNumber": false
									}
								}
							},
							"inputs": [
								{
									"referenceName": "SorceDataset_copy1",
									"type": "DatasetReference"
								}
							],
							"outputs": [
								{
									"referenceName": "SqlServerTable55",
									"type": "DatasetReference",
									"parameters": {
										"SinkSchema": {
											"value": "@item().SinkSchema",
											"type": "Expression"
										},
										"SinkTableName": {
											"value": "@item().SinkTableName",
											"type": "Expression"
										}
									}
								}
							]
						}
					]
				}
			}
		],
		"variables": {
			"TableLIst": {
				"type": "Array",
				"defaultValue": [
					{
						"SourceSchema": "mig",
						"SourceTableName": "Customers",
						"SourceColumns": "CustomerID, FirstName, LastName, Email, Phone, CreatedDate, ModifiedDate",
						"SinkSchema": "sink",
						"SinkTableName": "Customers"
					},
					{
						"SourceSchema": "mig",
						"SourceTableName": "Products",
						"SourceColumns": "ProductID, ProductName, Price, Category, CreatedDate, ModifiedDate",
						"SinkSchema": "sink",
						"SinkTableName": "Products"
					},
					{
						"SourceSchema": "mig",
						"SourceTableName": "Orders",
						"SourceColumns": "OrderID, CustomerID, OrderDate, OrderStatus, CreatedDate, ModifiedDate",
						"SinkSchema": "sink",
						"SinkTableName": "Orders"
					},
					{
						"SourceSchema": "mig",
						"SourceTableName": "OrderItems",
						"SourceColumns": "OrderItemID, OrderID, ProductID, Quantity, TotalPrice, CreatedDate, ModifiedDate",
						"SinkSchema": "sink",
						"SinkTableName": "OrderItems"
					},
					{
						"SourceSchema": "mig",
						"SourceTableName": "Inventory",
						"SourceColumns": "ProductID, StockQuantity, CreatedDate, ModifiedDate",
						"SinkSchema": "sink",
						"SinkTableName": "Inventory"
					}
				]
			}
		},
		"annotations": []
	}
}