{
	"name": "RS datamigration for set of tables Sol1",
	"properties": {
		"activities": [
			{
				"name": "Migrating the Tables data",
				"type": "ForEach",
				"dependsOn": [],
				"userProperties": [],
				"typeProperties": {
					"items": {
						"value": "@variables('TableLIst')",
						"type": "Expression"
					},
					"activities": [
						{
							"name": "Copy data from OnPrems to ADLS",
							"type": "Copy",
							"dependsOn": [],
							"policy": {
								"timeout": "0.12:00:00",
								"retry": 0,
								"retryIntervalInSeconds": 30,
								"secureOutput": false,
								"secureInput": false
							},
							"userProperties": [],
							"typeProperties": {
								"source": {
									"type": "SqlServerSource",
									"queryTimeout": "02:00:00",
									"partitionOption": "None"
								},
								"sink": {
									"type": "DelimitedTextSink",
									"storeSettings": {
										"type": "AzureBlobFSWriteSettings"
									},
									"formatSettings": {
										"type": "DelimitedTextWriteSettings",
										"quoteAllText": true,
										"fileExtension": ".txt"
									}
								},
								"enableStaging": false,
								"translator": {
									"type": "TabularTranslator",
									"typeConversion": true,
									"typeConversionSettings": {
										"allowDataTruncation": true,
										"treatBooleanAsNumber": false
									}
								}
							},
							"inputs": [
								{
									"referenceName": "SorceDataset",
									"type": "DatasetReference",
									"parameters": {
										"SchemaName": {
											"value": "@item().SourceSchema",
											"type": "Expression"
										},
										"TableName": {
											"value": "@item().SourceTableName",
											"type": "Expression"
										}
									}
								}
							],
							"outputs": [
								{
									"referenceName": "SinkDataset",
									"type": "DatasetReference",
									"parameters": {
										"FileName": {
											"value": "@item().SinkFileName",
											"type": "Expression"
										}
									}
								}
							]
						}
					]
				}
			}
		],
		"variables": {
			"TableLIst": {
				"type": "Array",
				"defaultValue": [
					{
						"SourceSchema": "mig",
						"SourceTableName": "Customers",
						"SinkFileName": "Raw_Customers"
					},
					{
						"SourceSchema": "mig",
						"SourceTableName": "Products",
						"SinkFileName": "Raw_Products"
					},
					{
						"SourceSchema": "mig",
						"SourceTableName": "Orders",
						"SinkFileName": "Raw_Orders"
					},
					{
						"SourceSchema": "mig",
						"SourceTableName": "OrderItems",
						"SinkFileName": "Raw_OrderItems"
					},
					{
						"SourceSchema": "mig",
						"SourceTableName": "Inventory",
						"SinkFileName": "Raw_Inventory"
					}
				]
			}
		},
		"annotations": []
	}
}